date,stock_id,CostOfGoodsSold,EPS,EquityAttributableToOwnersOfParent_x,IncomeAfterTaxes,IncomeFromContinuingOperations,OtherComprehensiveIncome,Revenue,TAX,TotalConsolidatedProfitForThePeriod,CapitalStock,CapitalStock_per,CapitalSurplus,CapitalSurplus_per,CashAndCashEquivalents,CashAndCashEquivalents_per,CurrentAssets,CurrentAssets_per,CurrentLiabilities,CurrentLiabilities_per,Equity,EquityAttributableToOwnersOfParent_y,EquityAttributableToOwnersOfParent_per,Equity_per,Liabilities,Liabilities_per,NoncurrentAssets,NoncurrentAssets_per,NoncurrentLiabilities,NoncurrentLiabilities_per,OrdinaryShare,OrdinaryShare_per,OtherCurrentLiabilities,OtherCurrentLiabilities_per,OtherEquityInterest,OtherEquityInterest_per,PropertyPlantAndEquipment,PropertyPlantAndEquipment_per,RetainedEarnings,RetainedEarnings_per,TotalAssets,TotalAssets_per,TotalLiabilitiesEquity,TotalLiabilitiesEquity_per,CashBalancesBeginningOfPeriod,CashBalancesEndOfPeriod,CashBalancesIncrease,CashFlowsFromOperatingActivities,CashProvidedByInvestingActivities,CashReceivedThroughOperations,Depreciation,IncomeBeforeIncomeTaxFromContinuingOperations,InterestIncome,NetIncomeBeforeTax,PayTheInterest,PropertyAndPlantAndEquipment,TotalIncomeLossItems,sharpe_ratio
2015-05-16,3481.TW,82413810000.0,0.87,8650607000.0,8649289000.0,8649289000.0,-1445244000.0,100157867000.0,1410940000.0,7204045000.0,99542240000.0,23.45,99602249000.0,23.47,42332691000.0,9.97,145539799000.0,34.29,125777294000.0,29.63,236422063000.0,234969894000.0,55.36,55.7,188044796000.0,44.3,278927060000.0,65.71,62267502000.0,14.67,99542240000.0,23.45,18199314000.0,4.29,542124000.0,0.13,222590627000.0,52.44,35283281000.0,8.31,424466859000.0,100.0,424466859000.0,100.0,70989741000.0,42332691000.0,-28657050000.0,25212426000.0,-2632239000.0,25407166000.0,13804148000.0,10060229000.0,-126496000.0,10060229000.0,-728931000.0,-6609101000.0,16100626000.0,
2015-08-15,3481.TW,78158603000.0,0.55,5406294000.0,5406121000.0,5406121000.0,2593761000.0,93755186000.0,1936835000.0,7999882000.0,99537972000.0,24.73,99635240000.0,24.75,44073514000.0,10.95,143147113000.0,35.56,112385966000.0,27.92,237535218000.0,236084848000.0,58.65,59.01,165014345000.0,40.99,259402450000.0,64.44,52628379000.0,13.07,99537972000.0,24.73,18511299000.0,4.6,3169249000.0,0.79,211767648000.0,52.61,33742387000.0,8.38,402549563000.0,100.0,402549563000.0,100.0,70989741000.0,44073514000.0,-26916227000.0,42242523000.0,-5894170000.0,42498723000.0,27247650000.0,17403185000.0,-244617000.0,17403185000.0,-1014252000.0,-10392212000.0,28750545000.0,-0.19330261708831417
2015-11-15,3481.TW,77983670000.0,0.35,3481886000.0,3481924000.0,3481924000.0,1534208000.0,88756324000.0,599667000.0,5016132000.0,99535828000.0,25.13,99629609000.0,25.15,45232082000.0,11.42,144710483000.0,36.54,110454679000.0,27.89,241125135000.0,241125135000.0,60.88,60.88,154941376000.0,39.12,251356028000.0,63.46,44486697000.0,11.23,99535828000.0,25.13,19063962000.0,4.81,4735425000.0,1.2,204010807000.0,51.51,37224273000.0,9.4,396066511000.0,100.0,396066511000.0,100.0,70989741000.0,45232082000.0,-25757659000.0,63363249000.0,-10659238000.0,63760793000.0,40097125000.0,21484776000.0,-359230000.0,21484776000.0,-1364495000.0,-14648753000.0,42265164000.0,-0.012800271409775632
2016-04-01,3481.TW,78936796000.0,-0.68,-6723193000.0,-6723193000.0,-6723193000.0,-2175529000.0,81463607000.0,97604000.0,-8898722000.0,99532372000.0,25.69,99643564000.0,25.72,52522790000.0,13.56,138866987000.0,35.84,110471463000.0,28.51,232264723000.0,232264723000.0,59.95,59.95,155177613000.0,40.05,248575349000.0,64.16,44706150000.0,11.54,99532372000.0,25.69,17492567000.0,4.51,2750337000.0,0.71,199482740000.0,51.49,30338450000.0,7.83,387442336000.0,100.0,387442336000.0,100.0,70989741000.0,52522790000.0,-18466951000.0,81064293000.0,-20802751000.0,81782413000.0,52338066000.0,14859187000.0,-484873000.0,14859187000.0,-1628841000.0,-24511490000.0,55096877000.0,0.0700658734950493
2016-05-16,3481.TW,60454580000.0,-0.86,-8581508000.0,-8581508000.0,-8581508000.0,-882994000.0,56417120000.0,47928000.0,-9464502000.0,99526816000.0,28.33,99645204000.0,28.37,38254605000.0,10.89,108812385000.0,30.98,91887681000.0,26.16,222810292000.0,222810292000.0,63.43,63.43,128448069000.0,36.57,242445976000.0,69.02,36560388000.0,10.41,99526816000.0,28.33,17461275000.0,4.97,1881330000.0,0.54,193473161000.0,55.08,21756942000.0,6.19,351258361000.0,100.0,351258361000.0,100.0,52522790000.0,38254605000.0,-14268185000.0,-2655053000.0,-5626505000.0,-2252304000.0,11144615000.0,-8533580000.0,-93023000.0,-8533580000.0,-281217000.0,-7459407000.0,11623043000.0,-0.46033491011911076
2016-08-15,3481.TW,65250163000.0,-0.35,-3475528000.0,-3475528000.0,-3475528000.0,-2658908000.0,66805188000.0,605421000.0,-6134436000.0,99523512000.0,28.49,99645958000.0,28.53,39627002000.0,11.35,110483838000.0,31.63,97872822000.0,28.02,214685446000.0,214685446000.0,61.46,61.46,134602925000.0,38.54,238804533000.0,68.37,36730103000.0,10.52,99523512000.0,28.49,17637700000.0,5.05,-775628000.0,-0.22,190044389000.0,54.41,16291604000.0,4.66,349288371000.0,100.0,349288371000.0,100.0,52522790000.0,39627002000.0,-12895788000.0,3330505000.0,-11740397000.0,4623814000.0,21292296000.0,-11403687000.0,-172024000.0,-11403687000.0,-534896000.0,-14317389000.0,22192003000.0,0.17101898281093775
2016-11-15,3481.TW,65715562000.0,0.31,3058266000.0,3058266000.0,3058266000.0,-2400698000.0,74484602000.0,476988000.0,657568000.0,99522104000.0,28.04,99647346000.0,28.08,32585966000.0,9.18,107113619000.0,30.18,110974476000.0,31.27,215344944000.0,215344944000.0,60.68,60.68,139565599000.0,39.32,247796924000.0,69.82,28591123000.0,8.06,99522104000.0,28.04,18234756000.0,5.14,-3174376000.0,-0.89,202438870000.0,57.04,19349870000.0,5.45,354910543000.0,100.0,354910543000.0,100.0,52522790000.0,32585966000.0,-19936824000.0,17464326000.0,-31887236000.0,19050156000.0,30850290000.0,-7868433000.0,-212458000.0,-7868433000.0,-657044000.0,-34902350000.0,32095404000.0,-0.0391511340682793
2017-04-01,3481.TW,69580481000.0,1.09,10869457000.0,10869457000.0,10869457000.0,-209401000.0,89382367000.0,1991096000.0,10660056000.0,99521488000.0,26.79,99647810000.0,26.82,35384839000.0,9.53,126998131000.0,34.19,116165904000.0,31.27,226006363000.0,226006363000.0,60.84,60.84,145473185000.0,39.16,244481417000.0,65.81,29307281000.0,7.89,99521488000.0,26.79,17802338000.0,4.79,-3418804000.0,-0.92,201360858000.0,54.21,30255869000.0,8.14,371479548000.0,100.0,371479548000.0,100.0,52522790000.0,35384839000.0,-17137951000.0,33399247000.0,-40866329000.0,35198992000.0,40228114000.0,4992120000.0,-291240000.0,4992120000.0,-747143000.0,-44152843000.0,42346598000.0,0.09990504704113218
2017-05-16,3481.TW,65680750000.0,1.19,11858119000.0,11858119000.0,11858119000.0,-2317516000.0,86025771000.0,3496070000.0,9540603000.0,99520784000.0,27.68,99648514000.0,27.71,35881482000.0,9.98,122740178000.0,34.14,121768253000.0,33.87,235546966000.0,235546966000.0,65.51,65.51,124018639000.0,34.49,236825427000.0,65.86,2250386000.0,0.63,99520784000.0,27.68,36991751000.0,10.29,-5736320000.0,-1.6,196075992000.0,54.53,42113988000.0,11.71,359565605000.0,100.0,359565605000.0,100.0,35384839000.0,35881482000.0,496643000.0,27168332000.0,-4643864000.0,27408638000.0,8151481000.0,15354189000.0,-68991000.0,15354189000.0,-86171000.0,-5804379000.0,7684734000.0,0.046984956487784016
2017-08-15,3481.TW,63463838000.0,1.22,12118217000.0,12118217000.0,12118217000.0,2362581000.0,84508950000.0,4065753000.0,14480798000.0,99520720000.0,25.98,99646905000.0,26.01,56219915000.0,14.68,148401881000.0,38.74,131742994000.0,34.39,383083052000.0,249030887000.0,65.01,100.0,134052165000.0,34.99,234681171000.0,61.26,2309171000.0,0.6,99520720000.0,25.98,36786284000.0,9.6,-3373739000.0,-0.88,195765186000.0,51.1,53237001000.0,13.9,383083052000.0,100.0,383083052000.0,100.0,35384839000.0,56219915000.0,20835076000.0,49570829000.0,-7435014000.0,52419330000.0,15996101000.0,31538159000.0,-195669000.0,31538159000.0,-214795000.0,-10159361000.0,14486627000.0,0.043882290150586103
2017-11-15,3481.TW,63342544000.0,0.88,8757318000.0,8757318000.0,8757318000.0,2758657000.0,79507678000.0,2919106000.0,11515975000.0,99520720000.0,26.0,99646905000.0,26.03,55769747000.0,14.57,151866021000.0,39.68,103743013000.0,27.1,382763519000.0,260546862000.0,68.07,100.0,122216657000.0,31.93,230897498000.0,60.32,18473644000.0,4.83,99520720000.0,26.0,11993926000.0,3.13,-615082000.0,-0.16,192924285000.0,50.4,61994319000.0,16.2,382763519000.0,100.0,382763519000.0,100.0,35384839000.0,55769747000.0,20384908000.0,62410346000.0,-11565874000.0,66261340000.0,23976456000.0,43214583000.0,-306021000.0,43214583000.0,-463595000.0,-15257169000.0,22847505000.0,-0.07522141022744265
2018-04-01,3481.TW,67948592000.0,0.43,4294955000.0,4294955000.0,4294955000.0,-516783000.0,79132002000.0,1431651000.0,3778172000.0,99520720000.0,23.99,99646919000.0,24.02,65988955000.0,15.91,158529955000.0,38.21,131894172000.0,31.79,264325048000.0,264325048000.0,63.71,63.71,150533710000.0,36.29,256328803000.0,61.79,18639538000.0,4.49,99520720000.0,23.99,12150308000.0,2.93,-1090721000.0,-0.26,220864627000.0,53.24,66248130000.0,15.97,414858758000.0,100.0,414858758000.0,100.0,35384839000.0,65988955000.0,30604116000.0,82642659000.0,-21332109000.0,86474697000.0,32377043000.0,48941189000.0,-472331000.0,48941189000.0,-588511000.0,-25016706000.0,34625401000.0,0.008060358213314469
2018-05-16,3481.TW,57712760000.0,0.3,2939772000.0,2939772000.0,2939772000.0,543931000.0,66763486000.0,979924000.0,3483703000.0,99520720000.0,24.7,99646928000.0,24.73,65958292000.0,16.37,150158193000.0,37.26,121846656000.0,30.24,402987891000.0,267808760000.0,66.46,100.0,135179131000.0,33.54,252829698000.0,62.74,13332475000.0,3.31,99520720000.0,24.7,13625556000.0,3.38,-546790000.0,-0.14,217632686000.0,54.0,69187902000.0,17.17,402987891000.0,100.0,402987891000.0,100.0,65988955000.0,65958292000.0,-30663000.0,16373539000.0,-11362410000.0,16816063000.0,9050940000.0,3919696000.0,-160157000.0,3919696000.0,-122329000.0,-10867042000.0,9374484000.0,-0.22495249778486634
2018-08-15,3481.TW,60598999000.0,-0.2,-1932970000.0,-1932970000.0,-1932970000.0,579672000.0,66462133000.0,2946305000.0,-1353298000.0,99520720000.0,24.86,99646946000.0,24.89,63831127000.0,15.94,148401841000.0,37.07,128688165000.0,32.14,258493823000.0,258493823000.0,64.56,64.56,141884647000.0,35.44,251976629000.0,62.93,13196482000.0,3.3,99520720000.0,24.86,13728526000.0,3.43,32882000.0,0.01,213806035000.0,53.4,59293275000.0,14.81,400378470000.0,100.0,400378470000.0,100.0,65988955000.0,63831127000.0,-2157828000.0,27414895000.0,-24485915000.0,28337045000.0,18024457000.0,4933031000.0,-430118000.0,4933031000.0,-223254000.0,-22898051000.0,18186831000.0,0.057929941991112587
2018-11-15,3481.TW,66474938000.0,0.19,1912948000.0,1912948000.0,1912948000.0,-4080127000.0,73907131000.0,652769000.0,-2167179000.0,99520720000.0,25.54,99646960000.0,25.57,37889585000.0,9.72,143957066000.0,36.95,117087377000.0,30.05,256326658000.0,256326658000.0,65.79,65.79,133308255000.0,34.21,245677847000.0,63.05,16220878000.0,4.16,99520720000.0,25.54,13934679000.0,3.58,-4047245000.0,-1.04,209507770000.0,53.77,61206223000.0,15.71,389634913000.0,100.0,389634913000.0,100.0,65988955000.0,37889585000.0,-28099370000.0,38456009000.0,-55133776000.0,39651332000.0,26791886000.0,7498748000.0,-656009000.0,7498748000.0,-324484000.0,-34915398000.0,27173481000.0,-0.04228319066395562
2019-04-01,3481.TW,67775860000.0,-0.07,-696988000.0,-696988000.0,-696988000.0,-640120000.0,72243365000.0,-232330000.0,-1337108000.0,99520720000.0,24.16,99648115000.0,24.19,33847328000.0,8.22,169734116000.0,41.21,120274676000.0,29.2,411919604000.0,254990705000.0,61.9,100.0,156928899000.0,38.1,242185488000.0,58.79,36654223000.0,8.9,99520720000.0,24.16,20290339000.0,4.93,-4663463000.0,-1.13,206617960000.0,50.16,60485333000.0,14.68,411919604000.0,100.0,411919604000.0,100.0,65988955000.0,33847328000.0,-32141627000.0,52579619000.0,-99036816000.0,53947949000.0,35385866000.0,6569430000.0,-991116000.0,6569430000.0,-472841000.0,-46702767000.0,35591344000.0,-0.011689078622157149
2019-05-16,3481.TW,59048720000.0,-0.37,-3724795000.0,-3724795000.0,-3724795000.0,2137041000.0,59924024000.0,93116000.0,-1587754000.0,99520720000.0,24.6,99648129000.0,24.63,44055572000.0,10.89,154948024000.0,38.3,114276803000.0,28.25,404514059000.0,253402965000.0,62.64,100.0,151111094000.0,37.36,249566035000.0,61.7,36834291000.0,9.11,99520720000.0,24.6,20416603000.0,5.05,-2526422000.0,-0.62,206117747000.0,50.95,56760538000.0,14.03,404514059000.0,100.0,404514059000.0,100.0,33847328000.0,44055572000.0,10208244000.0,3891176000.0,11402856000.0,4547809000.0,8710065000.0,-3631679000.0,-337704000.0,-3631679000.0,-267837000.0,-6764718000.0,7838012000.0,-0.47048741500232016
2019-08-15,3481.TW,60831774000.0,-0.3,-2970337000.0,-2970337000.0,-2970337000.0,-1080210000.0,63175534000.0,204725000.0,-4050547000.0,99520720000.0,25.03,99648140000.0,25.06,34112060000.0,8.58,152198272000.0,38.27,117075963000.0,29.44,397666844000.0,248755305000.0,62.55,100.0,148911539000.0,37.45,245468572000.0,61.73,31835576000.0,8.01,99520720000.0,25.03,25679406000.0,6.46,-3606632000.0,-0.91,203360208000.0,51.14,53193077000.0,13.38,397666844000.0,100.0,397666844000.0,100.0,33847328000.0,34112060000.0,264732000.0,-905060000.0,6239208000.0,2023860000.0,17479119000.0,-6397291000.0,-682266000.0,-6397291000.0,-514549000.0,-15241668000.0,16411376000.0,-0.2001503403892531
2019-11-15,3481.TW,62116985000.0,-0.39,-3888393000.0,-3886175000.0,-3886175000.0,-1907234000.0,63293735000.0,430911000.0,-5793409000.0,99520720000.0,25.98,99633370000.0,26.01,36840982000.0,9.62,141456730000.0,36.93,108926439000.0,28.44,383038012000.0,241916070000.0,63.16,100.0,140939752000.0,36.8,241581282000.0,63.07,32013313000.0,8.36,99520720000.0,25.98,21053486000.0,5.5,-5513481000.0,-1.44,198296981000.0,51.77,49304684000.0,12.87,383038012000.0,100.0,383038012000.0,100.0,33847328000.0,36840982000.0,2993654000.0,1065289000.0,15456297000.0,4251630000.0,26280209000.0,-9852555000.0,-857040000.0,-9852555000.0,-764441000.0,-20275443000.0,24410769000.0,0.08266435270543024
2020-04-01,3481.TW,66959650000.0,-0.71,-6859465000.0,-6858965000.0,-6858965000.0,-1858926000.0,65577916000.0,186092000.0,-8717891000.0,97110720000.0,26.26,100362379000.0,27.14,34732975000.0,9.39,133118249000.0,36.0,110818145000.0,29.97,232110029000.0,231927704000.0,62.72,62.77,137654317000.0,37.23,236646097000.0,64.0,26836172000.0,7.26,97110720000.0,26.26,20867468000.0,5.64,-7325437000.0,-1.98,194382436000.0,52.57,42398622000.0,11.47,369764346000.0,100.0,369764346000.0,100.0,33847328000.0,34732975000.0,885647000.0,13835382000.0,8759462000.0,17478203000.0,34880408000.0,-16525428000.0,-1030073000.0,-16525428000.0,-985651000.0,-24804629000.0,33618303000.0,-0.07746212999620487
2020-05-16,3481.TW,51285828000.0,-0.55,-5268769000.0,-5263604000.0,-5263604000.0,-1362499000.0,50391575000.0,303495000.0,-6626103000.0,97110720000.0,27.23,100371779000.0,28.14,35887636000.0,10.06,125096981000.0,35.08,96913018000.0,27.17,356632347000.0,225306267000.0,63.18,100.0,131139014000.0,36.77,231535366000.0,64.92,34225996000.0,9.6,97110720000.0,27.23,15296667000.0,4.29,-8687505000.0,-2.44,191204349000.0,53.61,37129853000.0,10.41,356632347000.0,100.0,356632347000.0,100.0,34732975000.0,35887636000.0,1154661000.0,-3184274000.0,-307906000.0,-2235733000.0,8731877000.0,-4960109000.0,-148822000.0,-4960109000.0,-197027000.0,-6511583000.0,7546112000.0,0.1446742440793298
2020-08-15,3481.TW,65027220000.0,-0.49,-4780504000.0,-4776821000.0,-4776821000.0,-458504000.0,66883202000.0,505402000.0,-5235325000.0,97110720000.0,27.16,99420775000.0,27.81,27708669000.0,7.75,130210888000.0,36.42,109423925000.0,30.61,357501470000.0,219116804000.0,61.29,100.0,138197705000.0,38.66,227290582000.0,63.58,28773780000.0,8.05,97110720000.0,27.16,14880853000.0,4.16,-9144848000.0,-2.56,186095248000.0,52.05,32348737000.0,9.05,357501470000.0,100.0,357501470000.0,100.0,34732975000.0,27708669000.0,-7024306000.0,1308541000.0,-10122413000.0,2513339000.0,17530747000.0,-9231528000.0,-272022000.0,-9231528000.0,-372696000.0,-11012099000.0,17230240000.0,0.2088828079823428
2020-11-15,3481.TW,67643492000.0,0.16,1542175000.0,1539542000.0,1539542000.0,1445081000.0,74568417000.0,60423000.0,2984623000.0,97110720000.0,26.55,99463402000.0,27.19,27382017000.0,7.49,141514794000.0,38.68,105269110000.0,28.78,365825108000.0,222764596000.0,60.89,100.0,142868691000.0,39.05,224310314000.0,61.32,37599581000.0,10.28,97110720000.0,26.55,15115064000.0,4.13,-7893378000.0,-2.16,182621851000.0,49.92,34083852000.0,9.32,365825108000.0,100.0,365825108000.0,100.0,34732975000.0,27382017000.0,-7350958000.0,5879333000.0,-17946507000.0,7242616000.0,26429358000.0,-7631563000.0,-324510000.0,-7631563000.0,-517935000.0,-15745304000.0,26713331000.0,0.08036205134954857
2021-04-01,3481.TW,62121413000.0,1.05,10143242000.0,10140707000.0,10140707000.0,1924522000.0,78067857000.0,47987000.0,12065229000.0,99404332000.0,26.19,99707996000.0,26.27,26532083000.0,6.99,159162307000.0,41.93,109170648000.0,28.76,237567046000.0,237369660000.0,62.54,62.59,141992791000.0,37.41,220397530000.0,58.07,32822143000.0,8.65,97110720000.0,25.59,24774811000.0,6.53,-6059671000.0,-1.6,178901675000.0,47.13,44317003000.0,11.68,379559837000.0,100.0,379559837000.0,100.0,34732975000.0,26532083000.0,-8200892000.0,22404153000.0,-41934106000.0,23967481000.0,35368930000.0,2557131000.0,-383137000.0,2557131000.0,-676496000.0,-20673368000.0,35705664000.0,0.3006736784834804
2021-05-16,3481.TW,62212196000.0,1.15,16220740000.0,11567018000.0,11567018000.0,4649044000.0,83838696000.0,1030840000.0,16216062000.0,102483196000.0,25.38,101372977000.0,25.1,23622758000.0,5.85,157883530000.0,39.1,109600701000.0,27.14,258534186000.0,258334245000.0,63.97,64.02,145302311000.0,35.98,245952967000.0,60.9,35701610000.0,8.84,99404332000.0,24.61,25235935000.0,6.25,-1481211000.0,-0.37,173072628000.0,42.86,55959283000.0,13.86,403836497000.0,100.0,403836497000.0,100.0,26532083000.0,23622758000.0,-2909325000.0,19033005000.0,-26535363000.0,19187736000.0,9027561000.0,12597858000.0,-97418000.0,12597858000.0,-182955000.0,-3469955000.0,10987250000.0,0.016027837937416186
2021-08-15,3481.TW,62371832000.0,2.07,21300441000.0,21419452000.0,21419452000.0,-118749000.0,93235532000.0,1906625000.0,21300703000.0,105014079000.0,23.77,102792458000.0,23.27,26824569000.0,6.07,168259375000.0,38.08,109812552000.0,24.85,280651216000.0,280443779000.0,63.47,63.52,161180218000.0,36.48,273572059000.0,61.92,51367666000.0,11.63,102483196000.0,23.2,10343161000.0,2.34,-1599670000.0,-0.36,168691782000.0,38.18,74236912000.0,16.8,441831434000.0,100.0,441831434000.0,100.0,26532083000.0,26824569000.0,292486000.0,58186461000.0,-60894143000.0,58413650000.0,18099607000.0,35923935000.0,-293510000.0,35923935000.0,-383742000.0,-10688528000.0,19898772000.0,0.048667462638637915
2021-11-15,3481.TW,66216833000.0,1.77,16038714000.0,18603670000.0,18603670000.0,-2563774000.0,93085886000.0,1373983000.0,16039896000.0,105596201000.0,22.89,103277533000.0,22.39,25658441000.0,5.56,177714774000.0,38.52,112866945000.0,24.46,298004255000.0,297549690000.0,64.5,64.6,163337950000.0,35.4,283627431000.0,61.48,50471005000.0,10.94,105014079000.0,22.76,10712260000.0,2.32,-4381487000.0,-0.95,164405247000.0,35.64,93057443000.0,20.17,461342205000.0,100.0,461342205000.0,100.0,26532083000.0,25658441000.0,-873642000.0,85261099000.0,-84695959000.0,85923641000.0,27244639000.0,55901588000.0,-576839000.0,55901588000.0,-588935000.0,-17538002000.0,28961771000.0,-0.06959149056881556
2022-04-01,3481.TW,67776149000.0,0.54,5942013000.0,5954983000.0,5954983000.0,845192000.0,79916576000.0,554526000.0,6800175000.0,105596201000.0,22.59,103287482000.0,22.09,28667746000.0,6.13,175821223000.0,37.61,116553507000.0,24.93,304796931000.0,304347400000.0,65.1,65.19,162722659000.0,34.81,291698367000.0,62.39,46169152000.0,9.88,105596201000.0,22.59,14951219000.0,3.2,-3204136000.0,-0.69,162607908000.0,34.78,98667853000.0,21.1,467519590000.0,100.0,467519590000.0,100.0,26532083000.0,28667746000.0,2135663000.0,101752198000.0,-98421583000.0,102590560000.0,36122542000.0,62411097000.0,-928364000.0,62411097000.0,-806097000.0,-28138827000.0,37003705000.0,-0.0053055418488470105
2022-05-16,3481.TW,61314211000.0,0.18,1889989000.0,1902432000.0,1902432000.0,158164000.0,69886018000.0,426907000.0,2060596000.0,105596201000.0,22.62,103290753000.0,22.13,27230161000.0,5.83,190592611000.0,40.84,114329880000.0,24.5,466724772000.0,306396524000.0,65.65,100.0,159862045000.0,34.25,276132161000.0,59.16,45532165000.0,9.76,105596201000.0,22.62,15151763000.0,3.25,-3075601000.0,-0.66,160700466000.0,34.43,100585171000.0,21.55,466724772000.0,100.0,466724772000.0,100.0,28667746000.0,27230161000.0,-1437585000.0,5298794000.0,-7097963000.0,5843333000.0,8492352000.0,2329339000.0,-222512000.0,2329339000.0,-215964000.0,-5197045000.0,8464579000.0,-0.2640994579655292
2022-08-15,3481.TW,57213942000.0,-0.45,-7346897000.0,-4711774000.0,-4711774000.0,-2609588000.0,57901588000.0,330629000.0,-7321362000.0,105596201000.0,23.18,103294247000.0,22.67,35079830000.0,7.7,212847258000.0,46.72,126466165000.0,27.76,287792843000.0,287315104000.0,63.06,63.17,167810795000.0,36.83,242756380000.0,53.28,41344630000.0,9.07,105596201000.0,23.18,15211039000.0,3.34,-5840507000.0,-1.28,158768911000.0,34.85,84915579000.0,18.64,455603638000.0,100.0,455603638000.0,100.0,28667746000.0,35079830000.0,6412084000.0,5480080000.0,3306796000.0,6218926000.0,16763496000.0,-2051806000.0,-552230000.0,-2051806000.0,-424001000.0,-11151414000.0,15708457000.0,-0.06871298850066003
2022-11-15,3481.TW,57015215000.0,-1.23,-12746291000.0,-12719523000.0,-12719523000.0,1295019000.0,48015256000.0,498790000.0,-11424504000.0,95564562000.0,22.63,103296944000.0,24.46,47992107000.0,11.36,199715592000.0,47.29,112414502000.0,26.62,266402276000.0,265880702000.0,62.96,63.08,155920214000.0,36.92,222606898000.0,52.71,43505712000.0,10.3,95564562000.0,22.63,14006806000.0,3.32,-4547176000.0,-1.08,157484168000.0,37.29,72169288000.0,17.09,422322490000.0,100.0,422322490000.0,100.0,28667746000.0,47992107000.0,19324361000.0,-5598375000.0,38060126000.0,-4541712000.0,24643839000.0,-14272539000.0,-968845000.0,-14272539000.0,-638653000.0,-15751401000.0,19456723000.0,0.08244819231637486
2023-04-01,3481.TW,55078162000.0,-1.26,-13420948000.0,-12385911000.0,-12385911000.0,-1026537000.0,47912896000.0,435997000.0,-13412448000.0,95564562000.0,24.9,103312414000.0,26.92,68490588000.0,17.85,165301665000.0,43.08,92723013000.0,24.16,252994720000.0,252475224000.0,65.79,65.93,130746776000.0,34.07,218439831000.0,56.92,38023763000.0,9.91,95564562000.0,24.9,14462608000.0,3.77,-5565152000.0,-1.45,157533518000.0,41.05,59766316000.0,15.57,383741496000.0,100.0,383741496000.0,100.0,28667746000.0,68490588000.0,39822842000.0,-1983093000.0,73301769000.0,-463533000.0,32323938000.0,-26222453000.0,-1589283000.0,-26222453000.0,-878578000.0,-21048162000.0,27386682000.0,0.06274533185460998
2023-05-16,3481.TW,48803021000.0,-0.82,-7768749000.0,-7757648000.0,-7757648000.0,992330000.0,45595408000.0,818500000.0,-6765318000.0,95564562000.0,23.39,103593923000.0,25.35,78693614000.0,19.26,187349208000.0,45.85,91158749000.0,22.31,246755142000.0,245980778000.0,60.2,60.39,161844181000.0,39.61,221250115000.0,54.15,70685432000.0,17.3,95564562000.0,23.39,18504787000.0,4.53,-4572358000.0,-1.12,156413448000.0,38.28,51997567000.0,12.73,408599323000.0,100.0,408599323000.0,100.0,68490588000.0,78693614000.0,10203026000.0,-206327000.0,-27360807000.0,367473000.0,7705543000.0,-6939148000.0,-508998000.0,-6939148000.0,-246037000.0,-5684392000.0,6588255000.0,-0.20392775584322037
2023-08-15,3481.TW,54734649000.0,-0.6,-8831691000.0,-5719562000.0,-5719562000.0,-3098693000.0,55087258000.0,586444000.0,-8818255000.0,95564562000.0,23.83,103501716000.0,25.81,39313575000.0,9.8,177927230000.0,44.37,118646503000.0,29.59,401014344000.0,237056880000.0,59.11,100.0,163087830000.0,40.67,223087114000.0,55.63,44441327000.0,11.08,95564562000.0,23.83,39818001000.0,9.93,-7665549000.0,-1.91,153482111000.0,38.27,46259067000.0,11.54,401014344000.0,100.0,401014344000.0,100.0,68490588000.0,39313575000.0,-29177013000.0,4441520000.0,-65924495000.0,5646547000.0,15366896000.0,-12072266000.0,-1290759000.0,-12072266000.0,-727060000.0,-11340888000.0,15787651000.0,0.08386656332123912
2023-11-15,3481.TW,53509853000.0,-0.22,1410165000.0,-1885465000.0,-1885465000.0,3312912000.0,57653668000.0,538505000.0,1427447000.0,90786334000.0,22.93,103478871000.0,26.13,46397201000.0,11.72,170531405000.0,43.07,120833011000.0,30.52,395944948000.0,233688597000.0,59.02,100.0,161383944000.0,40.76,225413543000.0,56.93,40550933000.0,10.24,90786334000.0,22.93,43395277000.0,10.96,-4356945000.0,-1.1,152691459000.0,38.56,44360628000.0,11.2,395944948000.0,100.0,395944948000.0,100.0,68490588000.0,46397201000.0,-22093387000.0,3550565000.0,-54419181000.0,5290548000.0,22982270000.0,-13419226000.0,-1815145000.0,-13419226000.0,-1217376000.0,-16671239000.0,23643087000.0,-0.23274285066309786
2024-04-01,3481.TW,51583990000.0,-0.37,-6071339000.0,-3236055000.0,-3236055000.0,-2838885000.0,53404223000.0,292150000.0,-6074940000.0,90786334000.0,25.39,103468658000.0,28.94,50512584000.0,14.13,133650139000.0,37.38,87558750000.0,24.49,228885261000.0,228124869000.0,63.81,64.02,128645181000.0,35.98,223880303000.0,62.62,41086431000.0,11.49,90786334000.0,25.39,12751114000.0,3.57,-7198699000.0,-2.01,149253011000.0,41.75,41131043000.0,11.5,357530442000.0,100.0,357530442000.0,100.0,68490588000.0,50512584000.0,-17978004000.0,9555881000.0,-24377399000.0,11690414000.0,30643516000.0,-16363131000.0,-2507561000.0,-16363131000.0,-1628492000.0,-21351840000.0,30955709000.0,0.11003234028547526
2024-05-16,3481.TW,48350800000.0,-0.45,82241000.0,-4095330000.0,-4095330000.0,4188167000.0,50492208000.0,381382000.0,92837000.0,90786334000.0,25.87,103473683000.0,29.48,46120564000.0,13.14,128397201000.0,36.58,84365469000.0,24.04,350985064000.0,228212135000.0,65.02,100.0,122000977000.0,34.76,222587863000.0,63.42,37635508000.0,10.72,90786334000.0,25.87,13092212000.0,3.73,-3012565000.0,-0.86,145981400000.0,41.59,37027150000.0,10.55,350985064000.0,100.0,350985064000.0,100.0,50512584000.0,46120564000.0,-4392020000.0,1204360000.0,-3394464000.0,1545557000.0,7782443000.0,-3713948000.0,-472167000.0,-3713948000.0,-280924000.0,-4541752000.0,8459606000.0,-0.14566705283789647
2024-08-15,3481.TW,51149665000.0,0.12,1130654000.0,1183555000.0,1183555000.0,1079346000.0,56860685000.0,298366000.0,2262901000.0,90786334000.0,25.21,105890431000.0,29.41,50630855000.0,14.06,138002514000.0,38.32,89034857000.0,24.73,360098278000.0,232841933000.0,64.66,100.0,125822687000.0,34.94,222095764000.0,61.68,36787830000.0,10.22,90786334000.0,25.21,14309255000.0,3.97,-1930169000.0,-0.54,142379138000.0,39.54,38157804000.0,10.6,360098278000.0,100.0,360098278000.0,100.0,50512584000.0,50630855000.0,118271000.0,6752485000.0,-8306285000.0,7554813000.0,15595231000.0,-2232027000.0,-1203094000.0,-2232027000.0,-556288000.0,-8323670000.0,15751615000.0,0.048319055248879444
2024-11-15,3481.TW,50470775000.0,0.04,421265000.0,494393000.0,494393000.0,-900486000.0,55473014000.0,236032000.0,-406093000.0,79891974000.0,23.02,105885758000.0,30.51,40152685000.0,11.57,131672329000.0,37.94,94327570000.0,27.18,347015958000.0,221449497000.0,63.82,100.0,124027858000.0,35.74,215343629000.0,62.06,29700288000.0,8.56,79891974000.0,23.02,18178368000.0,5.24,-2850390000.0,-0.82,134777560000.0,38.84,38579069000.0,11.12,347015958000.0,100.0,347015958000.0,100.0,50512584000.0,40152685000.0,-10359899000.0,11544983000.0,-7006424000.0,12907195000.0,23426694000.0,-1501602000.0,-1705018000.0,-1501602000.0,-835537000.0,-12170152000.0,22442640000.0,-0.07787692937398566
2025-04-01,3481.TW,52365702000.0,1.05,10287897000.0,9144714000.0,9144714000.0,1219483000.0,53684012000.0,585352000.0,10364197000.0,79891974000.0,22.31,105919710000.0,29.58,55288631000.0,15.44,153420052000.0,42.84,97282921000.0,27.17,358088006000.0,231771346000.0,64.72,100.0,124547447000.0,34.78,204667954000.0,57.16,27264526000.0,7.61,79891974000.0,22.31,17135827000.0,4.79,-3408678000.0,-0.95,127395236000.0,35.58,49425254000.0,13.8,358088006000.0,100.0,358088006000.0,100.0,50512584000.0,55288631000.0,4776047000.0,17533386000.0,3250746000.0,19600576000.0,31002731000.0,8228464000.0,-2352133000.0,8228464000.0,-1089680000.0,-16055103000.0,16827782000.0,0.0004280404046859476
2025-05-16,3481.TW,51698665000.0,0.12,962043000.0,1084364000.0,1084364000.0,1255139000.0,55932281000.0,474969000.0,2339503000.0,79891974000.0,23.14,105925082000.0,30.67,48595315000.0,14.07,150609105000.0,43.61,99203476000.0,28.73,235896960000.0,233988446000.0,67.76,68.31,109423651000.0,31.69,194711506000.0,56.39,10220175000.0,2.96,79891974000.0,23.14,23465152000.0,6.8,-2158993000.0,-0.63,123083963000.0,35.64,50387297000.0,14.59,345320611000.0,100.0,345320611000.0,100.0,55288631000.0,48595315000.0,-6693316000.0,-361105000.0,1789343000.0,12546000.0,7430263000.0,1559333000.0,-473384000.0,1559333000.0,-235005000.0,-3515311000.0,5439878000.0,-0.0764165922028544
